mysql> UPDATE Account SET password = "n3wP@ss" WHERE Account.email = "antonio.quintero@mattel.com";
Query OK, 1 row affected (0.01 sec)
Rows matched: 1  Changed: 1  Warnings: 0

mysql> SELECT * FROM Account;
+----+-----------------------------+----------+---------------------+---------------------+
| id | email                       | password | createdOn           | modifiedOn          |
+----+-----------------------------+----------+---------------------+---------------------+
|  1 | antonio.quintero@mattel.com | n3wP@ss  | 2017-05-16 12:35:09 | 2017-11-15 06:06:53 |
+----+-----------------------------+----------+---------------------+---------------------+
1 row in set (0.00 sec)

*******************************************************************************************


mysql> UPDATE AddressBook SET name = "SUNNY SOFTWARE" WHERE AddressBook.accountId = 666;
Query OK, 1 row affected (0.02 sec)
Rows matched: 1  Changed: 1  Warnings: 0

mysql> SELECT * FROM AddressBook;
+----+-----------+----------------+---------------------+---------------------+
| id | accountId | name           | createdOn           | modifiedOn          |
+----+-----------+----------------+---------------------+---------------------+
|  1 |       666 | SUNNY SOFTWARE | 2010-04-01 21:57:03 | 2016-04-19 08:47:10 |
+----+-----------+----------------+---------------------+---------------------+
1 row in set (0.00 sec)

*******************************************************************************************


mysql>UPDATE Entry SET firstName = "Jackson" WHERE Entry.addressBookId = 52 AND Entry.addressBookId = 96 AND Entry.lastName = "Goodman";
Query OK, 0 rows affected (0.00 sec)
Rows matched: 0  Changed: 0  Warnings: 0

mysql> SELECT * FROM Entry;
+----+---------------+------------+----------+---------------------+------+---------+----------------+----------------+------------------+-----------------+-----------------+
| id | addressBookId | firstName  | lastName | birthday            | type | subtype | contentLineOne | contentLineTwo | contentLineThree | contentLineFour | contentLineFive |
+----+---------------+------------+----------+---------------------+------+---------+----------------+----------------+------------------+-----------------+-----------------+
|  1 |            52 | Donattella | Santini  | 1985-04-16 13:58:42 | home | phone   | (884) 661-8280 | NULL           | NULL             | NULL            | NULL            |
|  2 |            96 | Charles    | McGill   | 1982-04-07 20:22:24 | home | phone   | (727) 361-3316 | NULL           | NULL             | NULL            | NULL            |
|  3 |            96 | Saul       | Goodman  | 1990-04-07 20:22:24 | home | phone   | (727) 361-3316 | NULL           | NULL             | NULL            | NULL            |
+----+---------------+------------+----------+---------------------+------+---------+----------------+----------------+------------------+-----------------+-----------------+
3 rows in set (0.00 sec)
             